{
  "branch" : "main",
  "commit" : "707722720003e56c4031df9eb28937ae6d5cc818",
  "functions" : {
    "count" : 1386,
    "covered" : 1185,
    "percent" : 85.4978354978355
  },
  "generatedAt" : "2025-11-16T16:44:36Z",
  "lines" : {
    "count" : 7864,
    "covered" : 6972,
    "percent" : 88.65717192268565
  },
  "regions" : {
    "count" : 3210,
    "covered" : 2561,
    "percent" : 79.78193146417446
  }
}