{
  "branch" : "main",
  "commit" : "1f031fb2dbc7122b7771ef7efecb0be3728b1ea9",
  "functions" : {
    "count" : 1386,
    "covered" : 1185,
    "percent" : 85.4978354978355
  },
  "generatedAt" : "2025-11-16T17:00:34Z",
  "lines" : {
    "count" : 7864,
    "covered" : 6972,
    "percent" : 88.65717192268565
  },
  "regions" : {
    "count" : 3210,
    "covered" : 2561,
    "percent" : 79.78193146417446
  }
}