{
  "branch" : "main",
  "commit" : "294b3f88eb1dab423b224ad067298ad93ad9d238",
  "functions" : {
    "count" : 1514,
    "covered" : 1317,
    "percent" : 86.98811096433289
  },
  "generatedAt" : "2025-11-16T17:04:20Z",
  "lines" : {
    "count" : 8146,
    "covered" : 7270,
    "percent" : 89.24625583108275
  },
  "regions" : {
    "count" : 3338,
    "covered" : 2700,
    "percent" : 80.88675853804673
  }
}