{
  "branch" : "main",
  "commit" : "d3bf710ba118bbed4c7246e76e7a2121672608b4",
  "functions" : {
    "count" : 1386,
    "covered" : 1185,
    "percent" : 85.4978354978355
  },
  "generatedAt" : "2025-11-16T17:02:03Z",
  "lines" : {
    "count" : 7864,
    "covered" : 6972,
    "percent" : 88.65717192268565
  },
  "regions" : {
    "count" : 3210,
    "covered" : 2561,
    "percent" : 79.78193146417446
  }
}