{
  "branch" : "main",
  "commit" : "098319ed9a992e6500665443eda9a8ac738ae8ec",
  "functions" : {
    "count" : 1386,
    "covered" : 1185,
    "percent" : 85.4978354978355
  },
  "generatedAt" : "2025-11-16T16:33:17Z",
  "lines" : {
    "count" : 7864,
    "covered" : 6972,
    "percent" : 88.65717192268565
  },
  "regions" : {
    "count" : 3210,
    "covered" : 2561,
    "percent" : 79.78193146417446
  }
}