{
  "branch" : "main",
  "commit" : "3bbc5a2f6377ea088c4ac368772dbc8eb5f8a10b",
  "functions" : {
    "count" : 1603,
    "covered" : 1399,
    "percent" : 87.27386150966937
  },
  "generatedAt" : "2025-11-16T17:06:52Z",
  "lines" : {
    "count" : 8562,
    "covered" : 7653,
    "percent" : 89.38332165381921
  },
  "regions" : {
    "count" : 3469,
    "covered" : 2814,
    "percent" : 81.11847794753531
  }
}