{
  "branch" : "main",
  "commit" : "7f2c563a76f5a09e563f6613d4dacea62c5fef07",
  "functions" : {
    "count" : 1386,
    "covered" : 1185,
    "percent" : 85.4978354978355
  },
  "generatedAt" : "2025-11-16T12:36:17Z",
  "lines" : {
    "count" : 7864,
    "covered" : 6972,
    "percent" : 88.65717192268565
  },
  "regions" : {
    "count" : 3210,
    "covered" : 2561,
    "percent" : 79.78193146417446
  }
}